client_id,nom,email,ville,date_inscription
1,Andrée-juliette poirier,stessier@example.org,Giraudboeuf,2026-01-12
2,Louise le carpentier,pneveu@example.com,Boutin,2025-05-25
3,Denise bonneau de la leconte,louise08@example.com,Laroche-sur-Nicolas,2025-06-02
4,Rémy delaunay du gomez,durandgeorges@example.net,Collinboeuf,2026-02-04
5,Claire colas,,Joseph-sur-Fouquet,2025-10-08
6,William carre,tpaul@example.org,Sauvage,2025-09-11
7,André paul,franckdiaz@example.net,Mace,2025-04-14
8,Timothée faivre-julien,sdiaz@example.com,Jourdanboeuf,2026-01-14
9,Claude besnard,etiennemarc@example.net,Voisin,2025-10-04
10,Geneviève de la caron,catherinelenoir@example.com,Le Gall-sur-Lefebvre,2025-10-13
11,William fouquet,lerouxmaryse@example.com,Saint Océane,2025-12-19
12,Aimé-arthur weiss,david65@example.net,Roy,2025-04-19
13,Pauline boulay,lorrainecoste@example.net,Saint Astrid,2025-04-28
14,Alice lagarde de la fabre,tanguycelina@example.org,Rioudan,2025-11-07
15,Pauline gilbert-bruneau,lorrainelesage@example.org,Saint Sylvie,2025-12-27
16,Thibault mary,edouard65@example.net,Couturier,2025-05-28
17,Clémence pelletier,noemi74@example.org,Sainte Matthieu,2025-09-29
18,Émilie dos santos,xgautier@example.com,Delahaye,2025-11-14
19,Philippe guyot,rollandolivie@example.net,Saint Patricia,2025-12-30
20,Marguerite barbier le louis,bguyot@example.com,Launay,2025-05-24
21,Bertrand devaux,garciaagathe@example.com,Saint Dominique-sur-Mer,2025-08-02
22,Guy gauthier de paris,tbousquet@example.org,Leclercq-sur-Jacquot,2026-02-09
23,Édouard albert,danielbernadette@example.org,Besson-les-Bains,2025-12-03
24,Thérèse daniel,obenoit@example.com,Millet,2025-06-09
25,Jacques cordier,hebertrene@example.net,Sainte Émilienec,2025-10-11
26,Aurélie morel-david,valentineleger@example.net,Noëlnec,2026-02-17
27,Lorraine giraud du guibert,emilelelievre@example.org,Grégoire,2025-05-02
28,Paul vaillant,bbousquet@example.net,Blancdan,2025-05-15
29,Martine tanguy,letellierguy@example.net,CaronVille,2025-10-21
30,Gérard-jean mary,valentine51@example.com,Saint Théodoredan,2025-10-22
31,Margaux weber de la durand,roger82@example.com,Perrinnec,2025-05-18
32,Jacques-thierry joseph,jeanninecourtois@example.com,Martin,2025-12-10
33,Dorothée gilbert,louisbrun@example.org,Loiseau,2025-05-02
34,Anaïs le goff,marycharlotte@example.org,Saint Élisabeth,2026-01-04
35,Roger parent-blanchet,maggie15@example.org,Saint Arthur,2025-08-06
36,Nicole dumas,tessierfrancois@example.net,BoyerBourg,2025-06-13
37,Lucy fournier-guillaume,bouchetmichelle@example.net,Berthelot,2025-04-22
38,Paul-patrick sauvage,guillonalex@example.com,Saint Anoukdan,2025-09-18
39,Emmanuelle le vaillant,celinaarnaud@example.org,Regnier,2025-04-07
40,Alexandrie dumas-lecoq,jmarty@example.com,Lecomte,2025-12-24
41,Sabine le olivier,pascaljacques@example.com,Turpin,2026-03-10
42,William laine,cblin@example.net,Berthelot,2025-08-09
43,Victor guillon,andree99@example.net,Martins,2025-09-27
44,Chantal le lamy,perretmadeleine@example.com,Saint DorothéeVille,2025-08-04
45,Paul didier,igomez@example.com,Merle,2025-06-17
46,Michèle laurent-tanguy,constancegarnier@example.org,Dupont,2025-11-06
47,Marine millet,sabine52@example.com,Vaillant-les-Bains,2025-11-22
48,Olivier-tristan girard,margueritepetit@example.com,Fernandesboeuf,2025-09-23
49,René verdier,hdiallo@example.net,Roux,2025-10-04
50,Claudine de riou,ybarre@example.net,Ferrand-sur-Mer,2025-10-24
51,Étienne fouquet-blanchard,julienbourdon@example.org,Guillaumenec,2025-08-07
52,Caroline legros,nicolas04@example.org,Ledoux-la-Forêt,2025-09-21
53,Astrid berger,denismasson@example.com,Saint Camilleboeuf,2025-12-12
54,Antoine françois,georgesmargot@example.com,Sainte Hugues,2025-04-10
55,Marcelle antoine,ltecher@example.org,Gauthier,2025-10-27
56,Robert de la bazin,gmillet@example.com,Rolland,2025-12-06
57,Jules durand,esanchez@example.net,Picard,2025-10-01
58,Astrid navarro-merle,druiz@example.org,Sainte Nath,2025-12-23
59,Aimé pons,nguyengilbert@example.net,Carre-sur-Maillard,2025-05-15
60,Christelle thierry,honore86@example.net,Schneider-sur-Letellier,2025-04-24
61,Marcelle garnier,margauxriou@example.org,Delattre,2026-03-10
62,Isaac labbé,kgregoire@example.org,Besnard,2026-01-09
63,Thierry gaudin,benjaminallain@example.net,Lebreton-la-Forêt,2026-03-28
64,Jules chauvet-guillou,ctraore@example.org,Martineau-sur-Allard,2025-07-09
65,Dorothée de la gros,suzanne26@example.org,Sainte DianeVille,2026-03-13
66,Bernard de la bonnin,nath26@example.org,Renault,2025-05-04
67,Alice alexandre,zmallet@example.org,Maillet,2026-02-06
68,Laure robin,,Dufour-sur-Lefebvre,2026-02-05
69,Colette pichon,pintomarine@example.org,Bonnindan,2025-10-25
70,Alphonse martel,etienne67@example.net,Letellier-sur-Langlois,2025-10-09
71,Thérèse denis,lperret@example.com,Boulay-sur-Vasseur,2025-11-06
72,Marguerite louis-wagner,roger00@example.org,Barre,2026-02-16
73,Marianne-geneviève rossi,wdiaz@example.com,PerezVille,2025-04-13
74,Alexandria brunel du andre,margueritemeyer@example.org,Pages-les-Bains,2026-03-07
75,Emmanuel chauvet-riou,marywilliam@example.org,Verdier-sur-Ledoux,2025-12-24
76,Théophile weber le briand,dpoulain@example.org,Vidal,2025-07-11
77,Arnaude labbé,elisabeth32@example.com,Maillot,2025-08-26
78,Pénélope-susanne delaunay,garnieraime@example.net,Collet,2026-01-08
79,Alix allain,theodorehenry@example.com,Mauryboeuf,2025-09-19
80,Astrid-célina marchal,renaudalexandria@example.com,Texierdan,2025-06-27
81,Frédéric lejeune,cohenpauline@example.com,LouisBourg,2026-03-15
82,Patricia torres,morinmargaux@example.com,Mercier-les-Bains,2025-08-26
83,Thibault ruiz,gschmitt@example.com,Weberdan,2025-08-03
84,Robert-timothée étienne,anastasie36@example.org,Pinto-les-Bains,2025-06-11
85,Étienne baron-perret,,LambertBourg,2026-03-23
86,Pauline du leconte,ferrandgeorges@example.com,Sainte Amélie,2025-10-23
87,Louise meyer,mathilde02@example.com,Bouvetnec,2025-05-29
88,Maryse ferrand le delmas,dcolas@example.org,Sainte Thérèse-les-Bains,2025-05-01
89,Capucine ferrand,dominiquesalmon@example.net,WeberVille,2025-10-10
90,Élodie colin,jalves@example.org,Sainte Thierry,2026-03-31
91,Christine auger,tadam@example.net,Regnier,2025-07-28
92,Augustin guyon de la gosselin,josettelebreton@example.org,Pottierdan,2025-04-13
93,Geneviève joly-valette,lecoqaudrey@example.org,Merle-sur-Mer,2026-03-01
94,Maurice boyer,laetitia93@example.org,Duboisdan,2025-07-05
95,Dominique bernier,mauriceagnes@example.com,Descampsdan,2025-05-04
96,Paulette riou de la didier,gerard21@example.com,Albert-les-Bains,2025-06-27
97,Thomas chauveau,fleuryluc@example.net,Sainte Jacqueline,2025-05-28
98,Gilles lucas,guilletyves@example.org,Besnardboeuf,2026-01-23
99,Nathalie maréchal,joubertcamille@example.com,Pichon,2025-05-31
100,Léon cousin,audrey83@example.com,Antoine,2025-12-22
101,Agnès delannoy de le roux,gabriel23@example.net,Sainte Gérard-la-Forêt,2025-09-20
102,Louise chevallier-roussel,antoinearnaud@example.org,Neveu,2025-08-02
103,Maurice bourgeois,,Dupuy,2025-08-21
104,Georges gilbert-roche,lejeuneleon@example.org,Macenec,2025-11-12
105,Jeannine toussaint,aurore48@example.org,Blanchet,2025-07-26
106,Raymond rousset,krossi@example.net,Saint Alix,2025-05-07
107,François collin,loiseaufrancois@example.net,Dupré-sur-Guillon,2025-12-30
108,Paulette pinto,marylaurence@example.org,WeberBourg,2025-04-17
109,Gérard le joubert,emilieleduc@example.com,Mathieu,2026-01-22
110,Julie-michèle lemonnier,theodorecollet@example.net,Saint Émilie,2025-12-01
111,Pénélope fleury-bernier,fchauveau@example.net,Saint Thierry,2026-02-04
112,Aurore chauvet de mace,josephine01@example.com,Delannoy-les-Bains,2025-08-19
113,Robert grenier,lemoineceline@example.com,Fourniernec,2025-05-02
114,Hugues maury,tlemaire@example.org,Diaz,2025-10-20
115,Emmanuelle laurent,npineau@example.org,Sainte Capucine-les-Bains,2025-04-10
116,Richard gros,francoisdijoux@example.org,Sainte Marc-les-Bains,2025-07-31
117,Laure bailly,georgesvallet@example.com,Vasseur-sur-Mercier,2025-04-17
118,Nath guillou,gjacques@example.com,Saint Emmanuel-sur-Mer,2025-08-19
119,Emmanuel guérin-laurent,margotcolas@example.net,Richard,2026-02-16
120,Luc boutin,daniellealbert@example.net,Carpentier,2025-12-10
121,Monique ledoux,hchevalier@example.net,Bertindan,2025-05-22
122,Sébastien descamps,guichardalice@example.net,Sainte Corinne,2026-03-15
123,Alphonse le ruiz,apicard@example.com,Sainte Alexandria-sur-Mer,2025-09-06
124,Patrick le delorme,gillesle-goff@example.com,Maillot-sur-Mer,2025-08-28
125,Céline auger,milletxavier@example.org,Ledoux-la-Forêt,2025-09-25
126,Jérôme martineau,maryse34@example.com,Sainte Dorothée,2025-06-24
127,Jean deschamps le ferrand,henrile-roux@example.net,Hoareau,2025-04-04
128,Paulette bertrand,emarques@example.org,Bertinnec,2025-05-16
129,Anaïs gillet,emmanuelle15@example.com,Mace-sur-Colas,2025-08-12
130,Olivier laine,frederique00@example.net,Charrier,2025-04-13
131,Daniel clerc,capucinevalette@example.org,Saint Victor,2026-01-26
132,Julie leblanc,,Saint Christelle,2025-05-16
133,Édouard le charles,veronique39@example.net,Weber-sur-Allain,2025-08-18
134,Hélène dupont,josephgrenier@example.com,Traore,2025-09-22
135,Margaud couturier,juliettecaron@example.org,Hervé,2025-12-11
136,Anaïs david de la bertrand,omoreau@example.org,Normand,2025-09-03
137,Nath costa,carliergregoire@example.org,Saint Noël-les-Bains,2026-03-12
138,Noémi neveu de la pons,laetitiada-costa@example.com,Sainte Nathalie,2025-10-12
139,Aimée duval de seguin,oguerin@example.net,Bigot-sur-Guyot,2026-03-13
140,Jacques renault,boutingeorges@example.org,Simon,2025-05-24
141,Nicolas le giraud,camille13@example.org,Ledoux,2026-03-31
142,Corinne guillon,lucie71@example.com,Ramos,2026-03-11
143,Éléonore faure-toussaint,noel33@example.net,Hubertboeuf,2026-02-02
144,Nathalie lucas,susannelaunay@example.org,Moulin,2025-04-19
145,Aimée pages,paulette93@example.net,JourdanVille,2026-03-21
146,William launay,henriettemartineau@example.net,Costenec,2026-01-14
147,Rémy collin-colin,smerle@example.net,Massenec,2025-06-25
148,Lucie delmas,denis16@example.net,Pierre,2025-08-07
149,Alphonse-jean ferrand,sroger@example.org,Pascal,2026-03-06
150,Virginie giraud de lemaître,baudryhelene@example.net,Pierre-la-Forêt,2025-06-09
151,Patrick dupont,,Saint Élisabeth,2026-02-15
152,Lorraine roger,qgarnier@example.net,Thierry,2025-10-17
153,Isaac vallée,jmartins@example.org,Verdier,2025-11-19
154,Chantal jourdan,dloiseau@example.net,Chauvetboeuf,2025-07-31
155,Maryse lagarde,corinneda-costa@example.net,Sainte JulesBourg,2025-12-05
156,Louise grondin,ribeiromargot@example.com,Meunier-sur-David,2025-06-10
157,Léon-henri renaud,,De Sousadan,2025-10-06
158,Luc morvan,christinerocher@example.net,Morel,2025-08-09
159,Élisabeth garnier,annegarcia@example.net,Navarro,2025-06-21
160,Céline gosselin,ferrandlaurence@example.net,Becker-sur-Mer,2025-05-30
161,Thérèse jacques-bousquet,uguillou@example.net,De Sousa,2025-06-27
162,Bernard du maréchal,cmaillard@example.com,Peltier,2025-12-19
163,Jean-henri payet,klaporte@example.net,Saint Franck,2025-10-14
164,Thibault adam-delattre,louiseallain@example.org,Marin-sur-Garnier,2025-10-07
165,Alex-josette thomas,andre67@example.org,Pages,2025-04-26
166,Thierry petitjean,jacquetsylvie@example.org,Guyot,2025-04-05
167,Céline didier,massonpierre@example.org,Joubert-sur-Wagner,2025-10-14
168,Juliette becker,ffaure@example.org,Cordier-les-Bains,2025-10-17
169,Honoré petitjean,christophe09@example.com,Lambertnec,2026-02-03
170,Michèle auger,aimeecollet@example.org,Goncalves,2026-01-05
171,Eugène delmas,gilbert69@example.com,Lelièvre,2026-02-27
172,Grégoire noël,penelope47@example.com,Henry,2025-12-22
173,Henri blondel le lebreton,jeannerocher@example.org,Hebert-les-Bains,2026-03-09
174,Simone tanguy,nicolas71@example.com,Bertrand,2025-05-16
175,Mathilde-adèle gauthier,alainbecker@example.org,Peron-sur-Mer,2025-12-16
176,Gilbert delorme,claudine53@example.com,Sainte Mathilde-les-Bains,2025-11-05
177,Raymond garcia,rousselisaac@example.org,Colinboeuf,2025-05-16
178,Inès leduc,ulabbe@example.org,Ramos-les-Bains,2025-09-06
179,Julien labbé le monnier,olliviermarianne@example.net,LeblancVille,2025-12-05
180,Agnès merle,aurorelebon@example.org,Picardnec,2025-06-25
181,Agnès leconte,denisconstance@example.org,Hervé,2025-11-26
182,David vallée,nicolasjoubert@example.com,Pelletierdan,2025-10-12
183,Suzanne lenoir,goncalvesalix@example.com,TeixeiraVille,2025-04-20
184,Jean maillard-marion,edith10@example.com,Perrin,2025-07-23
185,André chauveau,antoine93@example.com,Bouvet-les-Bains,2025-08-24
186,Jacques gautier,julienchristophe@example.com,Lagarde,2025-04-20
187,Marthe hamon de la allard,aime46@example.net,Mallet-sur-Alves,2025-10-23
188,Yves hubert,rogerpaulette@example.net,Chauvet,2025-04-11
189,Roger hoarau,virginiechartier@example.net,Lenoir,2025-12-01
190,Catherine aubert,galletlouis@example.net,Paulboeuf,2026-01-15
191,Thibault de la delorme,astrid31@example.com,Sainte Laurencedan,2025-09-11
192,Arnaude nicolas,wlaunay@example.net,Lefebvrenec,2025-04-07
193,Isaac barthelemy-colin,bouvierhenri@example.net,Saint Geneviève,2025-11-06
194,Madeleine guichard,leleusimone@example.org,RossiVille,2026-02-24
195,Gilles hoareau de laporte,legersimone@example.org,Lambert,2026-01-01
196,Adrien lucas du chauvet,faureaurore@example.net,Garnier-sur-Perrier,2025-12-03
197,Rémy guyon,christine67@example.com,FleuryVille,2025-12-22
198,Claudine weiss,dupontbrigitte@example.org,Dupuy,2025-10-27
199,Eugène allard,nguillou@example.com,Picard-sur-Rocher,2026-01-16
200,Jacques carre de la klein,legrandvalerie@example.net,Jacques-sur-Mer,2026-03-21
